{
  "AKT": 0.41866166030065927,
  "BAD": 0.15025760404642816,
  "BAX": 0.057729212876521746,
  "BCL2": 0.5797665353903818,
  "CASP3": 0.13851900635159853,
  "CASP9": 0.07642141294594204,
  "CCND1": 0.35375314694633797,
  "DNA_DAMAGE": 0.12,
  "EGFR": 0.98,
  "ERBB3": 0.3623912385593445,
  "ERK": 0.3357596023131144,
  "GRB2_SOS": 0.7016146174823292,
  "MDM2": 0.6187343052112299,
  "MEK": 0.36363261309231487,
  "MET": 0.08,
  "MTOR": 0.3401193788699589,
  "MYC": 0.3902867205117731,
  "NFKB": 0.2948234059394859,
  "P21": 0.20751005352713203,
  "P53": 0.08,
  "PI3K": 0.5207815200190035,
  "PTEN": 0.55,
  "RAF": 0.41803020702651794,
  "RAS": 0.519644730783366,
  "STAT3": 0.37285211785821554
}