{
  "apoptosis_score": 0.298307980427788,
  "malignancy_index": 0.6430988835867426,
  "proliferation_score": 0.6089199812221315,
  "stress_response_score": 0.32394457009157207,
  "survival_score": 0.6535613946352599
}