{
  "AKT": 0.5779559643777639,
  "BAD": 0.11801813978091569,
  "BAX": 0.045121562849513214,
  "BCL2": 0.6371724983950151,
  "CASP3": 0.13614054123796537,
  "CASP9": 0.0675042204276261,
  "CCND1": 0.4173516330869076,
  "DNA_DAMAGE": 0.12,
  "EGFR": 0.98,
  "ERBB3": 0.8334112070943752,
  "ERK": 0.3539057517398405,
  "GRB2_SOS": 0.9231720499525565,
  "MDM2": 0.6849404383472821,
  "MEK": 0.3992975700283611,
  "MET": 0.95,
  "MTOR": 0.4147922226215197,
  "MYC": 0.454792810508177,
  "NFKB": 0.3467984661659569,
  "P21": 0.20751005643340284,
  "P53": 0.08,
  "PI3K": 0.8064088849948624,
  "PTEN": 0.45,
  "RAF": 0.4852222581527759,
  "RAS": 0.6404063555461222,
  "STAT3": 0.37285218474922555
}