{
  "apoptosis_score": 0.2479730919425191,
  "malignancy_index": 0.6854396823814564,
  "proliferation_score": 0.6457765468636325,
  "stress_response_score": 0.26308177247224834,
  "survival_score": 0.6983852990895015
}